Type,Name,Request Count,Failure Count,Median Response Time,Average Response Time,Min Response Time,Max Response Time,Average Content Size,Requests/s,Failures/s,50%,66%,75%,80%,90%,95%,98%,99%,99.9%,99.99%,100%
POST,/transliterate,125,0,130.0,170.81929439981468,104.87999999895692,665.0573000079021,124.016,2.974788197949059,0.0,130,140,150,160,290,460,580,660,670,670,670
,Aggregated,125,0,130.0,170.81929439981468,104.87999999895692,665.0573000079021,124.016,2.974788197949059,0.0,130,140,150,160,290,460,580,660,670,670,670
