Type,Name,Request Count,Failure Count,Median Response Time,Average Response Time,Min Response Time,Max Response Time,Average Content Size,Requests/s,Failures/s,50%,66%,75%,80%,90%,95%,98%,99%,99.9%,99.99%,100%
POST,/transliterate,36,0,130.0,134.95003888925163,110.81499999272637,240.40850000164937,124.05555555555556,0.6190813391222028,0.0,130,140,140,140,150,160,240,240,240,240,240
,Aggregated,36,0,130.0,134.95003888925163,110.81499999272637,240.40850000164937,124.05555555555556,0.6190813391222028,0.0,130,140,140,140,150,160,240,240,240,240,240
