Type,Name,Request Count,Failure Count,Median Response Time,Average Response Time,Min Response Time,Max Response Time,Average Content Size,Requests/s,Failures/s,50%,66%,75%,80%,90%,95%,98%,99%,99.9%,99.99%,100%
POST,/transliterate,60,0,140.0,142.69447833406352,107.88470000261441,242.40430000645574,124.13333333333334,5.599474607809308,0.0,140,150,150,170,180,200,200,240,240,240,240
,Aggregated,60,0,140.0,142.69447833406352,107.88470000261441,242.40430000645574,124.13333333333334,5.599474607809308,0.0,140,150,150,170,180,200,200,240,240,240,240
