Type,Name,Request Count,Failure Count,Median Response Time,Average Response Time,Min Response Time,Max Response Time,Average Content Size,Requests/s,Failures/s,50%,66%,75%,80%,90%,95%,98%,99%,99.9%,99.99%,100%
POST,/transliterate,3040,1976,43,73.59338069101891,27.720500002033077,420.0260000070557,133.73157894736843,15.743741361756877,10.23343188514197,43,110,120,130,140,150,170,190,270,420,420
,Aggregated,3040,1976,43,73.59338069101891,27.720500002033077,420.0260000070557,133.73157894736843,15.743741361756877,10.23343188514197,43,110,120,130,140,150,170,190,270,420,420
